{"achievement.openInventory":69,"stat.damageDealt":25,"stat.useItem.3":18,"achievement.exploreAllBiomes":{"value":0,"progress":["Plains"]},"stat.useItem.112":1,"stat.useItem.53":2,"stat.useItem.5":14,"stat.useItem.143":1,"stat.fallOneCm":1431,"stat.flyOneCm":263139,"stat.drop":31,"stat.damageTaken":70,"stat.useItem.4":30,"stat.useItem.159":7,"stat.playOneMinute":65127,"stat.diveOneCm":1140,"stat.useItem.278":5,"stat.useItem.17":6,"stat.jump":860,"stat.useItem.58":2,"stat.swimOneCm":970,"stat.useItem.389":3,"stat.useItem.137":1,"stat.walkOneCm":129453,"stat.useItem.257":2}