{"achievement.openInventory":47,"stat.damageDealt":25,"stat.useItem.3":18,"achievement.exploreAllBiomes":{"value":0,"progress":["Plains"]},"stat.useItem.53":2,"stat.useItem.5":14,"stat.useItem.143":1,"stat.fallOneCm":1431,"stat.flyOneCm":240632,"stat.drop":26,"stat.damageTaken":70,"stat.useItem.4":30,"stat.playOneMinute":41356,"stat.diveOneCm":1140,"stat.useItem.278":5,"stat.useItem.17":6,"stat.walkOneCm":108943,"stat.jump":789,"stat.swimOneCm":970,"stat.useItem.257":2,"stat.useItem.389":3,"stat.useItem.137":1}